station_id,station_en,station_zh,subbasin,landscape,year,orbit_period,valid_days_consensus,valid_days_any,valid_eight_day_bins_consensus,paired_sensor_days,median_sensor_difference_c,p95_sensor_difference_c,paired_sensor_diagnostic_available,station_year_sensor_consistent,strict_qc_status,qc_rule,ground_annual_consensus_c,chinatherm30_median_3x3_c,chinatherm30_minus_ground_3x3_c
arou,Arou,阿柔,upstream,subalpine meadow,2013,through_2020,114,114,19,114,0.0700000000000002,0.1984999999999995,True,True,included,exclude only when station-year median daily paired IRT absolute difference exceeds 5 C,25.83,23.9,-1.9299999999999995
arou,Arou,阿柔,upstream,subalpine meadow,2014,through_2020,116,116,19,116,0.08,0.2404999999999999,True,True,included,exclude only when station-year median daily paired IRT absolute difference exceeds 5 C,23.0025,21.57,-1.432500000000001
arou,Arou,阿柔,upstream,subalpine meadow,2015,through_2020,118,118,19,118,0.1249999999999982,0.3313500000000014,True,True,included,exclude only when station-year median daily paired IRT absolute difference exceeds 5 C,23.475,22.27,-1.2050000000000018
arou,Arou,阿柔,upstream,subalpine meadow,2016,through_2020,129,129,19,129,0.1099999999999994,0.3210000000000003,True,True,included,exclude only when station-year median daily paired IRT absolute difference exceeds 5 C,25.39107142857143,23.72,-1.6710714285714303
arou,Arou,阿柔,upstream,subalpine meadow,2017,through_2020,106,106,19,106,0.1174999999999996,0.2987500000000005,True,True,included,exclude only when station-year median daily paired IRT absolute difference exceeds 5 C,25.338928571428568,22.05,-3.288928571428567
arou,Arou,阿柔,upstream,subalpine meadow,2018,through_2020,115,115,19,115,0.1499999999999985,0.2950000000000008,True,True,included,exclude only when station-year median daily paired IRT absolute difference exceeds 5 C,25.493333333333336,24.0,-1.4933333333333358
arou,Arou,阿柔,upstream,subalpine meadow,2019,through_2020,114,114,19,114,0.1574999999999997,0.2599999999999998,True,True,included,exclude only when station-year median daily paired IRT absolute difference exceeds 5 C,25.22571428571429,23.18,-2.04571428571429
arou,Arou,阿柔,upstream,subalpine meadow,2020,through_2020,116,116,19,116,0.1525000000000002,0.2962499999999994,True,True,included,exclude only when station-year median daily paired IRT absolute difference exceeds 5 C,23.17833333333333,22.25,-0.928333333333331
arou,Arou,阿柔,upstream,subalpine meadow,2021,2021_2024,115,115,19,115,0.1650000000000009,0.4059999999999989,True,True,included,exclude only when station-year median daily paired IRT absolute difference exceeds 5 C,23.288125,22.91,-0.3781250000000007
arou,Arou,阿柔,upstream,subalpine meadow,2022,2021_2024,99,99,19,99,0.200000000000001,0.3599999999999994,True,True,included,exclude only when station-year median daily paired IRT absolute difference exceeds 5 C,24.72,23.62,-1.099999999999998
arou,Arou,阿柔,upstream,subalpine meadow,2023,2021_2024,117,117,19,117,0.1850000000000005,0.391,True,True,included,exclude only when station-year median daily paired IRT absolute difference exceeds 5 C,25.548928571428572,24.27,-1.2789285714285723
arou,Arou,阿柔,upstream,subalpine meadow,2024,2021_2024,108,108,19,108,0.1425,0.3899999999999999,True,True,included,exclude only when station-year median daily paired IRT absolute difference exceeds 5 C,25.000833333333333,22.93,-2.070833333333333
arou_shady_slope,Arou Shady Slope,阿柔阴坡,upstream,alpine meadow,2013,through_2020,62,62,11,62,1.6850000000000005,2.2807499999999994,True,True,included,exclude only when station-year median daily paired IRT absolute difference exceeds 5 C,19.7459375,21.77,2.024062499999999
arou_shady_slope,Arou Shady Slope,阿柔阴坡,upstream,alpine meadow,2014,through_2020,95,95,17,95,0.4900000000000002,1.685499999999998,True,True,included,exclude only when station-year median daily paired IRT absolute difference exceeds 5 C,19.928750000000004,19.65,-0.2787500000000058
arou_sunny_slope,Arou Sunny Slope,阿柔阳坡,upstream,alpine meadow,2013,through_2020,62,62,11,62,0.2149999999999998,0.3397499999999998,True,True,included,exclude only when station-year median daily paired IRT absolute difference exceeds 5 C,19.5553125,22.05,2.4946875000000013
arou_sunny_slope,Arou Sunny Slope,阿柔阳坡,upstream,alpine meadow,2014,through_2020,95,95,18,95,0.360000000000003,0.7715000000000001,True,True,included,exclude only when station-year median daily paired IRT absolute difference exceeds 5 C,19.903,19.4,-0.5030000000000001
arou_sunny_slope,Arou Sunny Slope,阿柔阳坡,upstream,alpine meadow,2015,through_2020,67,67,13,67,0.1500000000000003,0.6034999999999984,True,True,included,exclude only when station-year median daily paired IRT absolute difference exceeds 5 C,21.2225,19.87,-1.3524999999999991
bajitan_gobi,Bajitan Gobi,八一滩戈壁,midstream,Reaumuria desert,2012,through_2020,69,69,10,69,0.6499999999999986,0.9909999999999988,True,True,included,exclude only when station-year median daily paired IRT absolute difference exceeds 5 C,35.782120535714284,38.7,2.9178794642857184
bajitan_gobi,Bajitan Gobi,八一滩戈壁,midstream,Reaumuria desert,2013,through_2020,116,116,19,116,0.8550000000000004,1.576249999999999,True,True,included,exclude only when station-year median daily paired IRT absolute difference exceeds 5 C,40.357499999999995,39.2,-1.1574999999999918
bajitan_gobi,Bajitan Gobi,八一滩戈壁,midstream,Reaumuria desert,2014,through_2020,119,119,19,119,0.8749999999999982,1.372000000000004,True,True,included,exclude only when station-year median daily paired IRT absolute difference exceeds 5 C,40.7575,37.92,-2.8374999999999986
barren_land,Barren Land,裸地,downstream,bare land,2013,through_2020,39,85,14,85,5.189999999999998,6.098000000000002,True,False,excluded_sensor_disagreement,exclude only when station-year median daily paired IRT absolute difference exceeds 5 C,38.70625,40.085,1.3787500000000037
barren_land,Barren Land,裸地,downstream,bare land,2015,through_2020,127,127,19,127,0.5770100000000014,0.9918950000000004,True,True,included,exclude only when station-year median daily paired IRT absolute difference exceeds 5 C,44.3054678125,38.515,-5.7904678124999975
cropland,Cropland,农田,downstream,melon,2013,through_2020,105,105,15,105,0.1300000000000007,0.4329999999999991,True,True,included,exclude only when station-year median daily paired IRT absolute difference exceeds 5 C,28.56107142857143,40.085,11.52392857142857
cropland,Cropland,农田,downstream,melon,2014,through_2020,94,94,19,94,0.3550000000000004,0.895749999999998,True,True,included,exclude only when station-year median daily paired IRT absolute difference exceeds 5 C,30.4365,40.19499999999999,9.758499999999994
daman,Daman,大满,midstream,maize,2013,through_2020,111,111,19,111,0.2899999999999991,0.6099999999999977,True,True,included,exclude only when station-year median daily paired IRT absolute difference exceeds 5 C,29.181,29.61,0.4289999999999985
daman,Daman,大满,midstream,maize,2014,through_2020,111,111,19,111,0.3499999999999978,0.6575000000000006,True,True,included,exclude only when station-year median daily paired IRT absolute difference exceeds 5 C,24.59875,26.44,1.8412500000000025
daman,Daman,大满,midstream,maize,2015,through_2020,115,115,19,115,0.2349999999999994,0.4529999999999992,True,True,included,exclude only when station-year median daily paired IRT absolute difference exceeds 5 C,25.91464285714286,26.55,0.6353571428571421
daman,Daman,大满,midstream,maize,2016,through_2020,111,111,19,111,0.4800000000000004,1.0925000000000011,True,True,included,exclude only when station-year median daily paired IRT absolute difference exceeds 5 C,25.863999999999997,28.41,2.546000000000003
daman,Daman,大满,midstream,maize,2017,through_2020,100,100,19,100,0.3575000000000004,0.9015000000000002,True,True,included,exclude only when station-year median daily paired IRT absolute difference exceeds 5 C,27.11,26.22,-0.8900000000000006
daman,Daman,大满,midstream,maize,2018,through_2020,65,65,14,65,0.6650000000000009,1.1129999999999995,True,True,included,exclude only when station-year median daily paired IRT absolute difference exceeds 5 C,27.579458333333335,28.45,0.8705416666666643
daman,Daman,大满,midstream,maize,2019,through_2020,110,110,19,110,0.2519624999999994,0.5780884999999998,True,True,included,exclude only when station-year median daily paired IRT absolute difference exceeds 5 C,26.519033,27.64,1.1209670000000005
daman,Daman,大满,midstream,maize,2020,through_2020,118,118,19,118,0.1523550000000008,0.3683102499999983,True,True,included,exclude only when station-year median daily paired IRT absolute difference exceeds 5 C,26.712167499999996,27.7,0.9878325000000032
daman,Daman,大满,midstream,maize,2021,2021_2024,110,110,19,110,0.3117400000000003,1.0064632500000006,True,True,included,exclude only when station-year median daily paired IRT absolute difference exceeds 5 C,29.25240416666667,28.39,-0.8624041666666677
daman,Daman,大满,midstream,maize,2022,2021_2024,104,104,19,104,0.7600449999999999,1.946365500000001,True,True,included,exclude only when station-year median daily paired IRT absolute difference exceeds 5 C,28.3068746875,28.49,0.1831253124999996
daman,Daman,大满,midstream,maize,2023,2021_2024,119,119,19,119,0.6815899999999999,1.9187475000000005,True,True,included,exclude only when station-year median daily paired IRT absolute difference exceeds 5 C,30.397785833333337,29.05,-1.3477858333333366
daman,Daman,大满,midstream,maize,2024,2021_2024,103,103,19,103,0.9399999999999976,2.204095999999999,True,True,included,exclude only when station-year median daily paired IRT absolute difference exceeds 5 C,29.875,28.28,-1.5949999999999989
dashalong,Dashalong,大沙龙,upstream,marsh alpine meadow,2014,through_2020,126,126,19,126,0.3200000000000003,0.63175,True,True,included,exclude only when station-year median daily paired IRT absolute difference exceeds 5 C,22.2890625,18.88,-3.409062500000001
dashalong,Dashalong,大沙龙,upstream,marsh alpine meadow,2015,through_2020,126,126,19,126,0.8774999999999995,1.6537499999999987,True,True,included,exclude only when station-year median daily paired IRT absolute difference exceeds 5 C,20.046208333333333,19.16,-0.8862083333333324
dashalong,Dashalong,大沙龙,upstream,marsh alpine meadow,2016,through_2020,122,127,19,127,1.2050000000000018,4.7620000000000005,True,True,included,exclude only when station-year median daily paired IRT absolute difference exceeds 5 C,23.980625,20.17,-3.810624999999998
dashalong,Dashalong,大沙龙,upstream,marsh alpine meadow,2017,through_2020,119,121,19,121,1.8950000000000005,4.504999999999998,True,True,included,exclude only when station-year median daily paired IRT absolute difference exceeds 5 C,20.744583333333335,19.04,-1.7045833333333356
dashalong,Dashalong,大沙龙,upstream,marsh alpine meadow,2018,through_2020,112,120,19,120,2.769999999999999,5.283000000000001,True,True,included,exclude only when station-year median daily paired IRT absolute difference exceeds 5 C,21.933333333333337,21.39,-0.5433333333333366
dashalong,Dashalong,大沙龙,upstream,marsh alpine meadow,2019,through_2020,125,125,19,125,0.4849999999999994,0.8672000000000003,True,True,included,exclude only when station-year median daily paired IRT absolute difference exceeds 5 C,21.87139285714286,20.3,-1.571392857142861
dashalong,Dashalong,大沙龙,upstream,marsh alpine meadow,2020,through_2020,125,125,19,125,0.7200000000000006,1.3640000000000008,True,True,included,exclude only when station-year median daily paired IRT absolute difference exceeds 5 C,21.729166666666668,19.94,-1.7891666666666666
dashalong,Dashalong,大沙龙,upstream,marsh alpine meadow,2021,2021_2024,122,122,19,122,0.9500000000000012,1.7642499999999988,True,True,included,exclude only when station-year median daily paired IRT absolute difference exceeds 5 C,21.801785714285717,20.22,-1.5817857142857186
dashalong,Dashalong,大沙龙,upstream,marsh alpine meadow,2022,2021_2024,63,63,9,63,1.415,1.8930000000000005,True,True,included,exclude only when station-year median daily paired IRT absolute difference exceeds 5 C,15.851785714285716,20.33,4.478214285714282
dashalong,Dashalong,大沙龙,upstream,marsh alpine meadow,2023,2021_2024,129,129,19,129,1.665000000000001,2.7969999999999984,True,True,included,exclude only when station-year median daily paired IRT absolute difference exceeds 5 C,23.757799999999996,21.59,-2.167799999999996
daxing,Daxing,Daxing,,,2008,through_2020,58,58,15,58,0.9718379999999982,1.573700600000003,True,True,included,exclude only when station-year median daily paired IRT absolute difference exceeds 5 C,29.33289625,30.45,1.1171037499999985
daxing,Daxing,Daxing,,,2009,through_2020,68,68,19,68,0.6740589999999989,1.8731638250000036,True,True,included,exclude only when station-year median daily paired IRT absolute difference exceeds 5 C,31.21498775,30.66,-0.5549877499999987
daxing,Daxing,Daxing,,,2010,through_2020,39,58,14,58,4.17205125,9.734910775,True,True,included,exclude only when station-year median daily paired IRT absolute difference exceeds 5 C,25.841881229166667,31.69,5.848118770833334
desert,Desert,荒漠,downstream,Reaumuria desert,2015,through_2020,135,135,19,135,0.3749999999999982,0.9214999999999997,True,True,included,exclude only when station-year median daily paired IRT absolute difference exceeds 5 C,41.846562500000005,46.0,4.1534374999999955
desert,Desert,荒漠,downstream,Reaumuria desert,2016,through_2020,132,132,19,132,0.3524999999999991,0.6940000000000018,True,True,included,exclude only when station-year median daily paired IRT absolute difference exceeds 5 C,43.146874999999994,47.67,4.523125000000007
desert,Desert,荒漠,downstream,Reaumuria desert,2017,through_2020,112,112,18,112,0.3325000000000022,1.0107500000000007,True,True,included,exclude only when station-year median daily paired IRT absolute difference exceeds 5 C,44.548791666666666,48.49,3.941208333333336
desert,Desert,荒漠,downstream,Reaumuria desert,2018,through_2020,129,129,19,129,0.875,2.4619999999999966,True,True,included,exclude only when station-year median daily paired IRT absolute difference exceeds 5 C,42.44535714285714,45.91,3.464642857142856
desert,Desert,荒漠,downstream,Reaumuria desert,2019,through_2020,129,129,19,129,1.4399999999999975,3.544999999999998,True,True,included,exclude only when station-year median daily paired IRT absolute difference exceeds 5 C,44.478571428571435,48.43,3.951428571428565
desert,Desert,荒漠,downstream,Reaumuria desert,2020,through_2020,131,131,19,131,0.9250000000000008,1.7025000000000006,True,True,included,exclude only when station-year median daily paired IRT absolute difference exceeds 5 C,45.20071428571429,48.79,3.589285714285708
desert,Desert,荒漠,downstream,Reaumuria desert,2021,2021_2024,131,131,19,131,0.4599999999999973,1.0099999999999998,True,True,included,exclude only when station-year median daily paired IRT absolute difference exceeds 5 C,41.71321428571429,48.52,6.806785714285716
desert,Desert,荒漠,downstream,Reaumuria desert,2022,2021_2024,130,130,19,130,0.4599999999999991,1.146500000000001,True,True,included,exclude only when station-year median daily paired IRT absolute difference exceeds 5 C,42.412499999999994,50.17,7.757500000000007
desert,Desert,荒漠,downstream,Reaumuria desert,2023,2021_2024,134,134,19,134,0.6300000000000026,1.96875,True,True,included,exclude only when station-year median daily paired IRT absolute difference exceeds 5 C,43.25035714285713,48.92,5.669642857142868
desert,Desert,荒漠,downstream,Reaumuria desert,2024,2021_2024,126,126,19,126,0.4599999999999973,1.5737500000000004,True,True,included,exclude only when station-year median daily paired IRT absolute difference exceeds 5 C,40.63958333333333,48.18,7.540416666666672
e_bao,E'bao,峨堡,upstream,alpine meadow,2013,through_2020,107,107,18,107,0.2258899999999997,0.8229411000000009,True,True,included,exclude only when station-year median daily paired IRT absolute difference exceeds 5 C,30.758611583333337,23.0,-7.758611583333337
e_bao,E'bao,峨堡,upstream,alpine meadow,2014,through_2020,114,114,19,114,0.755652500000001,1.4101865000000002,True,True,included,exclude only when station-year median daily paired IRT absolute difference exceeds 5 C,28.651875416666662,20.85,-7.801875416666661
e_bao,E'bao,峨堡,upstream,alpine meadow,2015,through_2020,93,93,17,93,1.0646999999999984,1.7133999999999994,True,True,included,exclude only when station-year median daily paired IRT absolute difference exceeds 5 C,28.93747666666667,20.76,-8.177476666666667
e_bao,E'bao,峨堡,upstream,alpine meadow,2016,through_2020,97,97,16,97,1.0993899999999996,1.9753039999999975,True,True,included,exclude only when station-year median daily paired IRT absolute difference exceeds 5 C,31.479879166666667,22.67,-8.809879166666665
guantao,Guantao,Guantao,,,2010,through_2020,46,46,17,46,0.4300000000000001,1.426249999999999,True,True,included,exclude only when station-year median daily paired IRT absolute difference exceeds 5 C,31.388125,28.36,-3.0281249999999993
heihe_remote_sensing,Heihe Remote Sensing,黑河遥感,midstream,grassland,2016,through_2020,115,115,19,115,0.5400000000000027,1.013000000000001,True,True,included,exclude only when station-year median daily paired IRT absolute difference exceeds 5 C,44.2475,33.83,-10.417500000000004
heihe_remote_sensing,Heihe Remote Sensing,黑河遥感,midstream,grassland,2017,through_2020,111,111,19,111,0.5599999999999987,1.7400000000000002,True,True,included,exclude only when station-year median daily paired IRT absolute difference exceeds 5 C,36.4275,31.72,-4.707500000000003
heihe_remote_sensing,Heihe Remote Sensing,黑河遥感,midstream,grassland,2018,through_2020,111,111,19,111,0.6600000000000001,0.9799999999999986,True,True,included,exclude only when station-year median daily paired IRT absolute difference exceeds 5 C,40.47714285714285,33.81,-6.667142857142849
heihe_remote_sensing,Heihe Remote Sensing,黑河遥感,midstream,grassland,2019,through_2020,116,116,19,116,1.715,2.851250000000002,True,True,included,exclude only when station-year median daily paired IRT absolute difference exceeds 5 C,42.18083333333333,32.32,-9.860833333333332
heihe_remote_sensing,Heihe Remote Sensing,黑河遥感,midstream,grassland,2020,through_2020,94,94,17,94,0.4925000000000015,1.1367499999999984,True,True,included,exclude only when station-year median daily paired IRT absolute difference exceeds 5 C,44.0805,32.27,-11.810499999999998
heihe_remote_sensing,Heihe Remote Sensing,黑河遥感,midstream,grassland,2021,2021_2024,78,78,13,78,0.2674999999999983,0.965250000000001,True,True,included,exclude only when station-year median daily paired IRT absolute difference exceeds 5 C,47.483124999999994,33.34,-14.14312499999999
heihe_remote_sensing,Heihe Remote Sensing,黑河遥感,midstream,grassland,2022,2021_2024,116,116,19,116,0.6625000000000014,1.2362499999999983,True,True,included,exclude only when station-year median daily paired IRT absolute difference exceeds 5 C,44.368125,32.78,-11.588124999999998
heihe_remote_sensing,Heihe Remote Sensing,黑河遥感,midstream,grassland,2023,2021_2024,122,122,19,122,1.0474999999999994,3.0105,True,True,included,exclude only when station-year median daily paired IRT absolute difference exceeds 5 C,35.928333333333335,32.7,-3.2283333333333317
heihe_remote_sensing,Heihe Remote Sensing,黑河遥感,midstream,grassland,2024,2021_2024,118,118,19,118,0.6550000000000011,0.9915000000000014,True,True,included,exclude only when station-year median daily paired IRT absolute difference exceeds 5 C,45.18857142857143,31.96,-13.228571428571428
huangcaogou,Huangcaogou,黄草沟,upstream,alpine meadow,2013,through_2020,116,116,19,116,0.7472125000000007,1.08548125,True,True,included,exclude only when station-year median daily paired IRT absolute difference exceeds 5 C,30.408471666666667,24.96,-5.448471666666666
huangcaogou,Huangcaogou,黄草沟,upstream,alpine meadow,2014,through_2020,120,120,19,120,0.5161324999999986,1.029747749999999,True,True,included,exclude only when station-year median daily paired IRT absolute difference exceeds 5 C,27.881719375,22.59,-5.291719375
huangzangsi,Huangzangsi,黄藏寺,upstream,wheat,2013,through_2020,109,109,18,109,0.7050000000000001,2.142999999999998,True,True,included,exclude only when station-year median daily paired IRT absolute difference exceeds 5 C,25.685052083333332,22.22,-3.465052083333333
huangzangsi,Huangzangsi,黄藏寺,upstream,wheat,2014,through_2020,118,118,19,118,0.3774999999999986,0.985750000000001,True,True,included,exclude only when station-year median daily paired IRT absolute difference exceeds 5 C,25.34625,19.76,-5.58625
huazhaizi_desert_steppe,Huazhaizi Desert Steppe,花寨子荒漠,midstream,Kalidium foliatum desert,2015,through_2020,111,111,18,111,0.5650000000000013,0.6649999999999991,True,True,included,exclude only when station-year median daily paired IRT absolute difference exceeds 5 C,38.31435714285714,36.47,-1.8443571428571417
huazhaizi_desert_steppe,Huazhaizi Desert Steppe,花寨子荒漠,midstream,Kalidium foliatum desert,2016,through_2020,115,115,19,115,0.8300000000000018,1.061500000000002,True,True,included,exclude only when station-year median daily paired IRT absolute difference exceeds 5 C,37.723333333333336,38.28,0.5566666666666649
huazhaizi_desert_steppe,Huazhaizi Desert Steppe,花寨子荒漠,midstream,Kalidium foliatum desert,2017,through_2020,70,112,18,112,5.225000000000001,7.202250000000002,True,False,excluded_sensor_disagreement,exclude only when station-year median daily paired IRT absolute difference exceeds 5 C,30.48614583333333,35.68,5.193854166666668
huazhaizi_desert_steppe,Huazhaizi Desert Steppe,花寨子荒漠,midstream,Kalidium foliatum desert,2018,through_2020,24,108,9,108,8.757499999999999,11.328999999999995,True,False,excluded_sensor_disagreement,exclude only when station-year median daily paired IRT absolute difference exceeds 5 C,29.565,39.11,9.544999999999998
huazhaizi_desert_steppe,Huazhaizi Desert Steppe,花寨子荒漠,midstream,Kalidium foliatum desert,2019,through_2020,49,117,16,117,8.005,13.871,True,False,excluded_sensor_disagreement,exclude only when station-year median daily paired IRT absolute difference exceeds 5 C,28.35375,37.78,9.42625
huazhaizi_desert_steppe,Huazhaizi Desert Steppe,花寨子荒漠,midstream,Kalidium foliatum desert,2020,through_2020,34,122,13,122,8.830000000000002,14.162,True,False,excluded_sensor_disagreement,exclude only when station-year median daily paired IRT absolute difference exceeds 5 C,23.820000000000004,38.13,14.31
huazhaizi_desert_steppe,Huazhaizi Desert Steppe,花寨子荒漠,midstream,Kalidium foliatum desert,2021,2021_2024,22,109,8,109,10.62,15.492,True,False,excluded_sensor_disagreement,exclude only when station-year median daily paired IRT absolute difference exceeds 5 C,27.564375,40.38,12.815625000000004
huazhaizi_desert_steppe,Huazhaizi Desert Steppe,花寨子荒漠,midstream,Kalidium foliatum desert,2022,2021_2024,17,89,11,89,10.52,13.713000000000005,True,False,excluded_sensor_disagreement,exclude only when station-year median daily paired IRT absolute difference exceeds 5 C,29.305,40.67,11.365000000000002
huazhaizi_desert_steppe,Huazhaizi Desert Steppe,花寨子荒漠,midstream,Kalidium foliatum desert,2023,2021_2024,24,120,11,120,9.425,13.8915,True,False,excluded_sensor_disagreement,exclude only when station-year median daily paired IRT absolute difference exceeds 5 C,27.03,41.69,14.659999999999997
huazhaizi_desert_steppe,Huazhaizi Desert Steppe,花寨子荒漠,midstream,Kalidium foliatum desert,2024,2021_2024,46,115,13,115,8.15,12.8765,True,False,excluded_sensor_disagreement,exclude only when station-year median daily paired IRT absolute difference exceeds 5 C,27.432499999999997,40.21,12.777500000000003
jingyangling,Jingyangling,景阳岭,upstream,alpine meadow,2014,through_2020,101,101,18,63,0.5100000000000016,0.8689999999999999,True,True,included,exclude only when station-year median daily paired IRT absolute difference exceeds 5 C,17.700142857142858,18.76,1.059857142857144
jingyangling,Jingyangling,景阳岭,upstream,alpine meadow,2015,through_2020,112,112,19,112,2.8300000000000005,4.061774999999999,True,True,included,exclude only when station-year median daily paired IRT absolute difference exceeds 5 C,16.93325,18.31,1.3767499999999977
jingyangling,Jingyangling,景阳岭,upstream,alpine meadow,2016,through_2020,83,118,19,118,4.9350000000000005,9.221674999999996,True,True,included,exclude only when station-year median daily paired IRT absolute difference exceeds 5 C,17.215,20.22,3.004999999999999
jingyangling,Jingyangling,景阳岭,upstream,alpine meadow,2018,through_2020,42,107,12,107,6.3050000000000015,10.326399999999996,True,False,excluded_sensor_disagreement,exclude only when station-year median daily paired IRT absolute difference exceeds 5 C,13.5453,19.79,6.2447
jingyangling,Jingyangling,景阳岭,upstream,alpine meadow,2019,through_2020,22,115,9,115,7.57,16.906000000000002,True,False,excluded_sensor_disagreement,exclude only when station-year median daily paired IRT absolute difference exceeds 5 C,17.3325,20.17,2.837500000000002
jingyangling,Jingyangling,景阳岭,upstream,alpine meadow,2020,through_2020,27,113,10,110,8.2725,12.8612,True,False,excluded_sensor_disagreement,exclude only when station-year median daily paired IRT absolute difference exceeds 5 C,6.75853125,18.72,11.961468749999998
jingyangling,Jingyangling,景阳岭,upstream,alpine meadow,2021,2021_2024,110,110,19,0,,,False,True,included,exclude only when station-year median daily paired IRT absolute difference exceeds 5 C,11.724999999999998,20.13,8.405000000000001
jingyangling,Jingyangling,景阳岭,upstream,alpine meadow,2022,2021_2024,59,106,15,106,5.447,9.92125,True,False,excluded_sensor_disagreement,exclude only when station-year median daily paired IRT absolute difference exceeds 5 C,14.085,20.69,6.605
jingyangling,Jingyangling,景阳岭,upstream,alpine meadow,2023,2021_2024,30,121,14,121,6.960000000000001,9.7195,True,False,excluded_sensor_disagreement,exclude only when station-year median daily paired IRT absolute difference exceeds 5 C,13.5225,22.05,8.5275
jingyangling,Jingyangling,景阳岭,upstream,alpine meadow,2024,2021_2024,100,104,19,48,2.891249999999999,7.192374999999998,True,True,included,exclude only when station-year median daily paired IRT absolute difference exceeds 5 C,16.86875,19.79,2.921250000000001
mixed_forest,Mixed Forest,混合林,downstream,Populus euphratica and Tamarix,2013,through_2020,102,102,14,102,0.2277299999999983,0.8855046999999987,True,True,included,exclude only when station-year median daily paired IRT absolute difference exceeds 5 C,38.312778249999994,42.46,4.147221750000007
mixed_forest,Mixed Forest,混合林,downstream,Populus euphratica and Tamarix,2014,through_2020,122,122,19,122,0.4902100000000011,1.0359894500000024,True,True,included,exclude only when station-year median daily paired IRT absolute difference exceeds 5 C,41.3707965625,42.93,1.5592034375000026
mixed_forest,Mixed Forest,混合林,downstream,Populus euphratica and Tamarix,2015,through_2020,127,127,19,126,0.5507824999999986,0.9954562500000002,True,True,included,exclude only when station-year median daily paired IRT absolute difference exceeds 5 C,42.402285625,41.71,-0.6922856249999967
mixed_forest,Mixed Forest,混合林,downstream,Populus euphratica and Tamarix,2016,through_2020,124,124,19,124,0.9021700000000008,1.2934812499999977,True,True,included,exclude only when station-year median daily paired IRT absolute difference exceeds 5 C,40.53742666666667,43.57,3.032573333333332
mixed_forest,Mixed Forest,混合林,downstream,Populus euphratica and Tamarix,2017,through_2020,116,116,19,86,1.5735874999999986,2.2559637499999976,True,True,included,exclude only when station-year median daily paired IRT absolute difference exceeds 5 C,38.027223,44.21,6.1827770000000015
mixed_forest,Mixed Forest,混合林,downstream,Populus euphratica and Tamarix,2018,through_2020,126,126,19,126,1.1841,2.6347049999999985,True,True,included,exclude only when station-year median daily paired IRT absolute difference exceeds 5 C,35.62208892857143,40.34,4.717911071428574
mixed_forest,Mixed Forest,混合林,downstream,Populus euphratica and Tamarix,2019,through_2020,126,126,19,126,0.580562500000001,1.606349999999999,True,True,included,exclude only when station-year median daily paired IRT absolute difference exceeds 5 C,41.62542214285714,43.8,2.1745778571428573
mixed_forest,Mixed Forest,混合林,downstream,Populus euphratica and Tamarix,2020,through_2020,129,129,19,129,0.5800000000000001,1.423999999999999,True,True,included,exclude only when station-year median daily paired IRT absolute difference exceeds 5 C,32.769642857142856,44.03,11.260357142857146
mixed_forest,Mixed Forest,混合林,downstream,Populus euphratica and Tamarix,2021,2021_2024,128,128,19,128,0.4675000000000011,1.1465000000000014,True,True,included,exclude only when station-year median daily paired IRT absolute difference exceeds 5 C,31.241071428571427,44.57,13.328928571428571
mixed_forest,Mixed Forest,混合林,downstream,Populus euphratica and Tamarix,2022,2021_2024,129,129,19,129,0.4499999999999993,1.13,True,True,included,exclude only when station-year median daily paired IRT absolute difference exceeds 5 C,32.94416666666667,45.76,12.81583333333333
mixed_forest,Mixed Forest,混合林,downstream,Populus euphratica and Tamarix,2023,2021_2024,131,131,19,131,0.3900000000000005,1.0875000000000012,True,True,included,exclude only when station-year median daily paired IRT absolute difference exceeds 5 C,34.74321428571428,44.54,9.796785714285718
mixed_forest,Mixed Forest,混合林,downstream,Populus euphratica and Tamarix,2024,2021_2024,124,124,19,124,0.4050000000000011,1.1742500000000002,True,True,included,exclude only when station-year median daily paired IRT absolute difference exceeds 5 C,31.699583333333333,44.81,13.11041666666667
populus_euphratica,Populus euphratica,胡杨林,downstream,Populus euphratica,2015,through_2020,128,129,19,129,0.9849999999999994,3.0439999999999983,True,True,included,exclude only when station-year median daily paired IRT absolute difference exceeds 5 C,42.36450000000001,34.35,-8.014500000000005
shenshawo_sandy_desert,Shenshawo Sandy Desert,神沙窝沙漠,midstream,sandy desert,2012,through_2020,58,58,8,58,0.2300000000000004,0.6344999999999986,True,True,included,exclude only when station-year median daily paired IRT absolute difference exceeds 5 C,34.840937499999995,40.01,5.169062500000003
shenshawo_sandy_desert,Shenshawo Sandy Desert,神沙窝沙漠,midstream,sandy desert,2013,through_2020,114,114,19,114,0.2999999999999989,0.7322499999999993,True,True,included,exclude only when station-year median daily paired IRT absolute difference exceeds 5 C,43.01833333333334,40.11,-2.9083333333333385
shenshawo_sandy_desert,Shenshawo Sandy Desert,神沙窝沙漠,midstream,sandy desert,2014,through_2020,119,119,19,119,0.5399999999999991,1.0095000000000018,True,True,included,exclude only when station-year median daily paired IRT absolute difference exceeds 5 C,42.60875,38.82,-3.78875
sidaoqiao,Sidaoqiao,四道桥,downstream,Tamarix,2013,through_2020,104,104,14,104,0.1775000000000002,0.6264999999999995,True,True,included,exclude only when station-year median daily paired IRT absolute difference exceeds 5 C,32.229062500000005,40.245000000000005,8.0159375
sidaoqiao,Sidaoqiao,四道桥,downstream,Tamarix,2014,through_2020,124,124,19,124,0.2199999999999997,0.6200000000000034,True,True,included,exclude only when station-year median daily paired IRT absolute difference exceeds 5 C,40.1334375,40.345,0.2115624999999994
sidaoqiao,Sidaoqiao,四道桥,downstream,Tamarix,2015,through_2020,133,133,19,133,0.2299999999999995,0.5630000000000015,True,True,included,exclude only when station-year median daily paired IRT absolute difference exceeds 5 C,32.6915625,39.05,6.358437499999994
sidaoqiao,Sidaoqiao,四道桥,downstream,Tamarix,2016,through_2020,128,128,19,128,0.1499999999999994,0.3506500000000001,True,True,included,exclude only when station-year median daily paired IRT absolute difference exceeds 5 C,32.1875,40.68,8.4925
sidaoqiao,Sidaoqiao,四道桥,downstream,Tamarix,2017,through_2020,127,127,19,127,0.2200000000000024,0.4600000000000003,True,True,included,exclude only when station-year median daily paired IRT absolute difference exceeds 5 C,31.757000000000005,41.260000000000005,9.503
sidaoqiao,Sidaoqiao,四道桥,downstream,Tamarix,2018,through_2020,128,128,19,128,0.1775000000000002,0.423250000000001,True,True,included,exclude only when station-year median daily paired IRT absolute difference exceeds 5 C,30.956071428571423,37.725,6.768928571428578
sidaoqiao,Sidaoqiao,四道桥,downstream,Tamarix,2019,through_2020,129,129,19,129,0.1750000000000007,0.5479999999999997,True,True,included,exclude only when station-year median daily paired IRT absolute difference exceeds 5 C,32.92416666666667,41.195,8.270833333333329
sidaoqiao,Sidaoqiao,四道桥,downstream,Tamarix,2020,through_2020,132,132,19,132,0.2100000000000008,0.484499999999999,True,True,included,exclude only when station-year median daily paired IRT absolute difference exceeds 5 C,33.95964285714285,40.705,6.745357142857145
sidaoqiao,Sidaoqiao,四道桥,downstream,Tamarix,2021,2021_2024,135,135,19,135,0.25,0.6855000000000004,True,True,included,exclude only when station-year median daily paired IRT absolute difference exceeds 5 C,36.142857142857146,40.504999999999995,4.3621428571428496
sidaoqiao,Sidaoqiao,四道桥,downstream,Tamarix,2022,2021_2024,127,127,19,127,0.2100000000000008,0.6149999999999997,True,True,included,exclude only when station-year median daily paired IRT absolute difference exceeds 5 C,34.69166666666667,41.955,7.263333333333328
sidaoqiao,Sidaoqiao,四道桥,downstream,Tamarix,2023,2021_2024,133,133,19,133,0.269999999999996,0.8599999999999998,True,True,included,exclude only when station-year median daily paired IRT absolute difference exceeds 5 C,35.260714285714286,42.645,7.384285714285717
sidaoqiao,Sidaoqiao,四道桥,downstream,Tamarix,2024,2021_2024,124,124,19,124,0.3699999999999992,0.9277499999999996,True,True,included,exclude only when station-year median daily paired IRT absolute difference exceeds 5 C,34.434,41.805,7.371000000000002
yakou,Yakou,垭口,upstream,alpine meadow,2016,through_2020,106,110,19,110,2.3767500000000004,4.878749999999998,True,True,included,exclude only when station-year median daily paired IRT absolute difference exceeds 5 C,15.208125,16.62,1.4118750000000002
yakou,Yakou,垭口,upstream,alpine meadow,2017,through_2020,81,104,17,104,2.9275,6.471974999999999,True,True,included,exclude only when station-year median daily paired IRT absolute difference exceeds 5 C,13.3,15.12,1.8199999999999985
yakou,Yakou,垭口,upstream,alpine meadow,2018,through_2020,93,104,19,84,2.1274999999999986,5.768999999999998,True,True,included,exclude only when station-year median daily paired IRT absolute difference exceeds 5 C,15.74,16.79,1.049999999999999
yakou,Yakou,垭口,upstream,alpine meadow,2019,through_2020,93,93,19,93,0.7999999999999972,2.525299999999999,True,True,included,exclude only when station-year median daily paired IRT absolute difference exceeds 5 C,15.288125,16.76,1.4718750000000007
yakou,Yakou,垭口,upstream,alpine meadow,2020,through_2020,108,108,19,108,0.9207499999999992,2.1884249999999996,True,True,included,exclude only when station-year median daily paired IRT absolute difference exceeds 5 C,11.2447,15.73,4.4853000000000005
yakou,Yakou,垭口,upstream,alpine meadow,2021,2021_2024,119,119,19,119,0.7600000000000007,2.7802499999999974,True,True,included,exclude only when station-year median daily paired IRT absolute difference exceeds 5 C,14.603125,16.44,1.836875000000001
yakou,Yakou,垭口,upstream,alpine meadow,2022,2021_2024,110,111,18,111,0.997,2.9099999999999997,True,True,included,exclude only when station-year median daily paired IRT absolute difference exceeds 5 C,14.118524999999998,17.53,3.411475000000003
yakou,Yakou,垭口,upstream,alpine meadow,2023,2021_2024,111,113,18,113,1.3149999999999995,3.738199999999999,True,True,included,exclude only when station-year median daily paired IRT absolute difference exceeds 5 C,15.146558333333331,17.86,2.713441666666668
yakou,Yakou,垭口,upstream,alpine meadow,2024,2021_2024,98,98,18,0,,,False,True,included,exclude only when station-year median daily paired IRT absolute difference exceeds 5 C,21.55166666666667,16.74,-4.811666666666671
zhangye_wetland,Zhangye wetland,张掖湿地,midstream,reed,2013,through_2020,113,113,19,113,0.6000000000000014,1.3039999999999996,True,True,included,exclude only when station-year median daily paired IRT absolute difference exceeds 5 C,25.0375,27.48,2.442499999999999
zhangye_wetland,Zhangye wetland,张掖湿地,midstream,reed,2015,through_2020,105,117,19,117,3.734999999999999,6.408999999999995,True,True,included,exclude only when station-year median daily paired IRT absolute difference exceeds 5 C,26.2995,26.58,0.2804999999999999
zhangye_wetland,Zhangye wetland,张掖湿地,midstream,reed,2016,through_2020,92,112,19,112,3.1850000000000005,8.194999999999999,True,True,included,exclude only when station-year median daily paired IRT absolute difference exceeds 5 C,27.60625,28.67,1.0637500000000024
zhangye_wetland,Zhangye wetland,张掖湿地,midstream,reed,2017,through_2020,112,112,19,112,1.0974999999999993,3.1844999999999986,True,True,included,exclude only when station-year median daily paired IRT absolute difference exceeds 5 C,28.830416666666665,26.66,-2.1704166666666644
zhangye_wetland,Zhangye wetland,张掖湿地,midstream,reed,2018,through_2020,106,106,19,106,0.4650000000000007,1.9799999999999975,True,True,included,exclude only when station-year median daily paired IRT absolute difference exceeds 5 C,30.200416666666666,28.23,-1.9704166666666652
zhangye_wetland,Zhangye wetland,张掖湿地,midstream,reed,2019,through_2020,118,118,19,118,0.6825000000000001,1.5944999999999996,True,True,included,exclude only when station-year median daily paired IRT absolute difference exceeds 5 C,30.544375,28.02,-2.524374999999999
zhangye_wetland,Zhangye wetland,张掖湿地,midstream,reed,2020,through_2020,122,122,19,122,1.2524999999999995,2.4977499999999977,True,True,included,exclude only when station-year median daily paired IRT absolute difference exceeds 5 C,28.656071428571423,27.57,-1.0860714285714224
zhangye_wetland,Zhangye wetland,张掖湿地,midstream,reed,2021,2021_2024,119,119,19,119,1.6150000000000002,2.8044999999999995,True,True,included,exclude only when station-year median daily paired IRT absolute difference exceeds 5 C,29.2075,28.52,-0.6875
zhangye_wetland,Zhangye wetland,张掖湿地,midstream,reed,2022,2021_2024,111,111,19,111,1.2650000000000006,3.6875,True,True,included,exclude only when station-year median daily paired IRT absolute difference exceeds 5 C,31.246666666666663,28.64,-2.606666666666662
zhangye_wetland,Zhangye wetland,张掖湿地,midstream,reed,2023,2021_2024,122,122,19,122,1.240000000000001,2.4992499999999978,True,True,included,exclude only when station-year median daily paired IRT absolute difference exceeds 5 C,32.8825,29.44,-3.442499999999999
zhangye_wetland,Zhangye wetland,张掖湿地,midstream,reed,2024,2021_2024,110,110,19,110,0.9999999999999988,2.099249999999999,True,True,included,exclude only when station-year median daily paired IRT absolute difference exceeds 5 C,32.0675,28.96,-3.1075000000000017
