qc_set,protocol,product,station_id,station_en,window,n,pearson_r,rmse_c,mae_c,bias_c,ubrmse_c
final,k065_pm030,ChinaTherm30,arou,Arou,center,12,0.7535251079735429,1.638089657390631,1.491063988095238,-1.491063988095238,0.6782815853726819
final,k065_pm030,ChinaTherm30,arou,Arou,3x3,12,0.7334347081642782,1.7173694462566493,1.5685639880952384,-1.5685639880952384,0.6992602020611719
final,k065_pm030,ChinaTherm30,arou,Arou,5x5,12,0.7255590520440213,1.7095710462446692,1.5552306547619053,-1.5552306547619053,0.7098526415017052
final,k065_pm030,ChinaTherm30,arou,Arou,9x9,12,0.7276130326850413,1.7129791872314886,1.560230654761905,-1.560230654761905,0.7070912245456654
final,k065_pm030,ChinaTherm30,arou,Arou,33x33,12,0.7257186025615879,1.7633850298073213,1.6143973214285714,-1.6143973214285714,0.7093997828536607
final,k065_pm030,ChinaTherm30,arou_shady_slope,Arou Shady Slope,center,2,-1.0,1.4920255638571105,1.131406250000003,0.9726562499999982,1.131406250000003
final,k065_pm030,ChinaTherm30,arou_shady_slope,Arou Shady Slope,3x3,2,-1.0,1.4447370982995922,1.1514062500000026,0.8726562499999968,1.1514062500000026
final,k065_pm030,ChinaTherm30,arou_shady_slope,Arou Shady Slope,5x5,2,-1.0,1.398872191518269,1.1314062500000013,0.8226562499999979,1.1314062500000013
final,k065_pm030,ChinaTherm30,arou_shady_slope,Arou Shady Slope,9x9,2,-0.9999999999999999,1.2820429139475513,1.0914062500000021,0.6726562499999993,1.0914062500000021
final,k065_pm030,ChinaTherm30,arou_shady_slope,Arou Shady Slope,33x33,2,-1.0,1.1220278665002614,1.1214062500000015,-0.03734375000000334,1.1214062500000015
final,k065_pm030,ChinaTherm30,arou_sunny_slope,Arou Sunny Slope,center,3,-0.47861550926820146,1.5833453216377287,1.316729166666666,0.339729166666667,1.5464690429711336
final,k065_pm030,ChinaTherm30,arou_sunny_slope,Arou Sunny Slope,3x3,3,-0.5274440530477632,1.6639041411347644,1.4500625000000003,0.21306250000000068,1.6502064604100808
final,k065_pm030,ChinaTherm30,arou_sunny_slope,Arou Sunny Slope,5x5,3,-0.5143054683039758,1.6450678529730678,1.4600625000000005,0.15639583333333343,1.6376167391063732
final,k065_pm030,ChinaTherm30,arou_sunny_slope,Arou Sunny Slope,9x9,3,-0.5289806830329059,1.640036556773075,1.496729166666667,0.039729166666666295,1.6395552753317153
final,k065_pm030,ChinaTherm30,arou_sunny_slope,Arou Sunny Slope,33x33,3,-0.515878847059308,1.9179586346474609,1.8300625000000004,-1.0469374999999996,1.6070118839985292
final,k065_pm030,ChinaTherm30,bajitan_gobi,Bajitan Gobi,center,3,-0.7364007784727146,3.0208929979135224,2.9109598214285697,-0.7457068452380918,2.9274076938151268
final,k065_pm030,ChinaTherm30,bajitan_gobi,Bajitan Gobi,3x3,3,-0.1967521950386154,2.443033160376685,2.3042931547619028,-0.35904017857142395,2.416505984447689
final,k065_pm030,ChinaTherm30,bajitan_gobi,Bajitan Gobi,5x5,3,-0.21014130576610193,2.4870780951292057,2.3509598214285696,-0.45904017857142776,2.444348495147251
final,k065_pm030,ChinaTherm30,bajitan_gobi,Bajitan Gobi,9x9,3,-0.3500544531463325,2.801225791223259,2.6376264880952363,-0.8990401785714255,2.653034619210355
final,k065_pm030,ChinaTherm30,bajitan_gobi,Bajitan Gobi,33x33,3,-0.28636815004655036,2.6669007078995883,2.520959821428569,-0.7557068452380923,2.5575899886134246
final,k065_pm030,ChinaTherm30,barren_land,Barren Land,center,1,,7.835467812499999,7.835467812499999,-7.835467812499999,0.0
final,k065_pm030,ChinaTherm30,barren_land,Barren Land,3x3,1,,5.7904678124999975,5.7904678124999975,-5.7904678124999975,0.0
final,k065_pm030,ChinaTherm30,barren_land,Barren Land,5x5,1,,3.8554678124999953,3.8554678124999953,-3.8554678124999953,0.0
final,k065_pm030,ChinaTherm30,barren_land,Barren Land,9x9,1,,3.8554678124999953,3.8554678124999953,-3.8554678124999953,0.0
final,k065_pm030,ChinaTherm30,barren_land,Barren Land,33x33,1,,10.785467812499995,10.785467812499995,-10.785467812499995,0.0
final,k065_pm030,ChinaTherm30,cropland,Cropland,center,2,1.0,8.406568876206757,8.366214285714284,8.366214285714284,0.8227142857142855
final,k065_pm030,ChinaTherm30,cropland,Cropland,3x3,2,1.0,10.677763154551322,10.641214285714282,10.641214285714282,0.8827142857142878
final,k065_pm030,ChinaTherm30,cropland,Cropland,5x5,2,1.0,12.019805987814191,11.996214285714286,11.996214285714286,0.7527142857142852
final,k065_pm030,ChinaTherm30,cropland,Cropland,9x9,2,1.0,12.378515903964166,12.356214285714282,12.356214285714282,0.7427142857142837
final,k065_pm030,ChinaTherm30,cropland,Cropland,33x33,2,-1.0,5.416554478011397,5.331214285714287,5.331214285714287,0.9577142857142835
final,k065_pm030,ChinaTherm30,daman,Daman,center,12,-0.3710405731848991,3.9455403641351907,3.3302510830853174,2.6532403018353174,2.920206271094027
final,k065_pm030,ChinaTherm30,daman,Daman,3x3,12,0.7141164850556313,1.2708326534639907,1.109105301835318,0.3265736351686508,1.2281552401561704
final,k065_pm030,ChinaTherm30,daman,Daman,5x5,12,0.6547361800396886,1.3218132465875716,1.1976053018353188,0.19990696850198417,1.3066091469137675
final,k065_pm030,ChinaTherm30,daman,Daman,9x9,12,0.6334922519736739,1.3436974663762833,1.213438635168652,0.13574030183531724,1.336823642670827
final,k065_pm030,ChinaTherm30,daman,Daman,33x33,12,0.6509571145538772,1.3348986773273723,1.1534386351686516,-0.07259303149801581,1.3329233775833835
final,k065_pm030,ChinaTherm30,dashalong,Dashalong,center,10,0.12244750334098309,2.5568646508153927,2.1942172023809525,-1.2565743452380962,2.226786419367329
final,k065_pm030,ChinaTherm30,dashalong,Dashalong,3x3,10,0.21734935305996808,2.511074463815722,2.194217202380953,-1.2985743452380965,2.1492323356763605
final,k065_pm030,ChinaTherm30,dashalong,Dashalong,5x5,10,0.1788041429041427,2.5189484065244727,2.1752172023809533,-1.243574345238096,2.1905761622454083
final,k065_pm030,ChinaTherm30,dashalong,Dashalong,9x9,10,0.19515237761639107,2.5154952574410405,2.181217202380952,-1.2655743452380959,2.173945253883715
final,k065_pm030,ChinaTherm30,dashalong,Dashalong,33x33,10,0.1497738244151519,2.3960549882828306,1.895217202380954,-0.8755743452380971,2.230347298703929
final,k065_pm030,ChinaTherm30,daxing,Daxing,center,3,-0.9567424776822838,3.5884500641496695,2.933403423611111,2.0767449236111113,2.9264491085872737
final,k065_pm030,ChinaTherm30,daxing,Daxing,3x3,3,-0.872112917892737,3.452362734354899,2.5067367569444436,2.1367449236111113,2.7116654625865233
final,k065_pm030,ChinaTherm30,daxing,Daxing,5x5,3,-0.7798418599853854,3.1707575206628795,2.296736756944443,1.7800782569444447,2.6239330505929144
final,k065_pm030,ChinaTherm30,daxing,Daxing,9x9,3,-0.787063112651284,3.1351174093699674,2.2900700902777764,1.773411590277778,2.5853379860287315
final,k065_pm030,ChinaTherm30,daxing,Daxing,33x33,3,-0.7993540005763771,3.0280293296284655,2.236736756944444,1.6067449236111113,2.566579897751118
final,k065_pm030,ChinaTherm30,desert,Desert,center,10,0.2297641985306262,5.566326132336946,5.318747321428573,5.318747321428573,1.6416191831035516
final,k065_pm030,ChinaTherm30,desert,Desert,3x3,10,0.26307159734694535,5.378263729354445,5.139747321428573,5.139747321428573,1.5838933721552677
final,k065_pm030,ChinaTherm30,desert,Desert,5x5,10,0.25126949614095245,5.42667597862756,5.1877473214285725,5.1877473214285725,1.5925105670054596
final,k065_pm030,ChinaTherm30,desert,Desert,9x9,10,0.2494538867983324,5.373210909743336,5.132747321428573,5.132747321428573,1.5894339920086709
final,k065_pm030,ChinaTherm30,desert,Desert,33x33,10,0.25511143377792933,5.352218753725193,5.113747321428572,5.113747321428572,1.5798208507010425
final,k065_pm030,ChinaTherm30,e_bao,E'bao,center,4,0.9275249018428827,7.717627010671204,7.704460708333333,-7.704460708333333,0.45061277122333926
final,k065_pm030,ChinaTherm30,e_bao,E'bao,3x3,4,0.9394281953979995,8.147858756804865,8.136960708333334,-8.136960708333334,0.42127514985012393
final,k065_pm030,ChinaTherm30,e_bao,E'bao,5x5,4,0.9434444339749285,8.172119134773126,8.161960708333334,-8.161960708333334,0.4073432809657113
final,k065_pm030,ChinaTherm30,e_bao,E'bao,9x9,4,0.9304753781899922,8.021732018606814,8.009460708333334,-8.009460708333334,0.443535500277311
final,k065_pm030,ChinaTherm30,e_bao,E'bao,33x33,4,0.9416847118900551,7.997389782610849,7.986960708333333,-7.986960708333333,0.40829153621880493
final,k065_pm030,ChinaTherm30,guantao,Guantao,center,1,,3.2681249999999977,3.2681249999999977,-3.2681249999999977,0.0
final,k065_pm030,ChinaTherm30,guantao,Guantao,3x3,1,,3.0281249999999993,3.0281249999999993,-3.0281249999999993,0.0
final,k065_pm030,ChinaTherm30,guantao,Guantao,5x5,1,,3.178124999999998,3.178124999999998,-3.178124999999998,0.0
final,k065_pm030,ChinaTherm30,guantao,Guantao,9x9,1,,3.048124999999999,3.048124999999999,-3.048124999999999,0.0
final,k065_pm030,ChinaTherm30,guantao,Guantao,33x33,1,,2.988125,2.988125,-2.988125,0.0
final,k065_pm030,ChinaTherm30,heihe_remote_sensing,Heihe Remote Sensing,center,9,-0.08917385565727771,10.522715713447004,9.780181216931217,-9.780181216931217,3.8827311714835884
final,k065_pm030,ChinaTherm30,heihe_remote_sensing,Heihe Remote Sensing,3x3,9,0.2701100749384124,10.173983512362991,9.516847883597883,-9.516847883597883,3.597158165871012
final,k065_pm030,ChinaTherm30,heihe_remote_sensing,Heihe Remote Sensing,5x5,9,0.23286385421906858,9.669190445410742,8.961292328042326,-8.961292328042326,3.631595197842415
final,k065_pm030,ChinaTherm30,heihe_remote_sensing,Heihe Remote Sensing,9x9,9,0.3556881549769885,9.735428870109745,9.06129232804233,-9.06129232804233,3.5597129983648323
final,k065_pm030,ChinaTherm30,heihe_remote_sensing,Heihe Remote Sensing,33x33,9,0.1899831567026978,14.042533827278369,13.557958994708994,-13.557958994708994,3.657116922938993
final,k065_pm030,ChinaTherm30,huangcaogou,Huangcaogou,center,2,0.9999999999999999,5.315473349706802,5.315095520833333,-5.315095520833333,0.06337614583333284
final,k065_pm030,ChinaTherm30,huangcaogou,Huangcaogou,3x3,2,0.9999999999999999,5.37066743739639,5.370095520833333,-5.370095520833333,0.07837614583333341
final,k065_pm030,ChinaTherm30,huangcaogou,Huangcaogou,5x5,2,1.0,5.3459110759012125,5.345095520833334,-5.345095520833334,0.09337614583333398
final,k065_pm030,ChinaTherm30,huangcaogou,Huangcaogou,9x9,2,0.9999999999999999,5.415737353439811,5.415095520833333,-5.415095520833333,0.08337614583333419
final,k065_pm030,ChinaTherm30,huangcaogou,Huangcaogou,33x33,2,0.9999999999999999,5.740938464603146,5.740095520833334,-5.740095520833334,0.09837614583333298
final,k065_pm030,ChinaTherm30,huangzangsi,Huangzangsi,center,2,1.0,3.957748070939205,3.840651041666666,-3.840651041666666,0.9555989583333346
final,k065_pm030,ChinaTherm30,huangzangsi,Huangzangsi,3x3,2,1.0,4.648267150385865,4.525651041666666,-4.525651041666666,1.0605989583333333
final,k065_pm030,ChinaTherm30,huangzangsi,Huangzangsi,5x5,2,1.0,4.655737164297722,4.535651041666666,-4.535651041666666,1.0505989583333335
final,k065_pm030,ChinaTherm30,huangzangsi,Huangzangsi,9x9,2,1.0,4.667000118440431,4.550651041666665,-4.550651041666665,1.0355989583333347
final,k065_pm030,ChinaTherm30,huangzangsi,Huangzangsi,33x33,2,1.0,4.591295886568738,4.470651041666667,-4.470651041666667,1.0455989583333363
final,k065_pm030,ChinaTherm30,huazhaizi_desert_steppe,Huazhaizi Desert Steppe,center,2,-1.0,1.6085518628634696,1.1605119047619041,-1.1138452380952373,1.1605119047619041
final,k065_pm030,ChinaTherm30,huazhaizi_desert_steppe,Huazhaizi Desert Steppe,3x3,2,-1.0,1.3622648509350035,1.2005119047619033,-0.6438452380952384,1.2005119047619033
final,k065_pm030,ChinaTherm30,huazhaizi_desert_steppe,Huazhaizi Desert Steppe,5x5,2,-1.0,1.32506731196412,1.3155119047619017,-0.15884523809523543,1.3155119047619017
final,k065_pm030,ChinaTherm30,huazhaizi_desert_steppe,Huazhaizi Desert Steppe,9x9,2,-1.0,1.448608051198709,1.260511904761902,-0.7138452380952351,1.260511904761902
final,k065_pm030,ChinaTherm30,huazhaizi_desert_steppe,Huazhaizi Desert Steppe,33x33,2,-1.0,1.4614432854113493,1.2205119047619029,-0.8038452380952386,1.2205119047619029
final,k065_pm030,ChinaTherm30,jingyangling,Jingyangling,center,5,-0.41819119376050023,4.303839896842477,3.3995714285714285,3.3995714285714285,2.639308992841475
final,k065_pm030,ChinaTherm30,jingyangling,Jingyangling,3x3,5,-0.4627237432871734,4.271451493070367,3.3535714285714286,3.3535714285714286,2.6455352069330793
final,k065_pm030,ChinaTherm30,jingyangling,Jingyangling,5x5,5,-0.5113458129508792,4.040524135087488,3.069571428571429,3.069571428571429,2.6274638972062876
final,k065_pm030,ChinaTherm30,jingyangling,Jingyangling,9x9,5,-0.4801970915475592,3.9133940147646684,2.911571428571429,2.911571428571429,2.6148431178796283
final,k065_pm030,ChinaTherm30,jingyangling,Jingyangling,33x33,5,-0.4314153414979625,3.7214132492829637,2.6595714285714296,2.6595714285714296,2.602997577460515
final,k065_pm030,ChinaTherm30,mixed_forest,Mixed Forest,center,12,-0.31735701614043277,7.200310146094604,5.772405958581349,5.515358354414683,4.628745880078214
final,k065_pm030,ChinaTherm30,mixed_forest,Mixed Forest,3x3,12,-0.4952238862127431,8.322069697287773,6.901572625248018,6.786191687748018,4.817099378635977
final,k065_pm030,ChinaTherm30,mixed_forest,Mixed Forest,5x5,12,-0.4708722176099345,8.204275367974862,6.8282392919146835,6.67452502108135,4.770833266476417
final,k065_pm030,ChinaTherm30,mixed_forest,Mixed Forest,9x9,12,-0.4525062865437188,7.931083854169152,6.523239291914682,6.347858354414683,4.754659337339566
final,k065_pm030,ChinaTherm30,mixed_forest,Mixed Forest,33x33,12,-0.13673787744747481,4.69003923459825,3.9525283420138906,1.6395250210813501,4.3941353788110735
final,k065_pm030,ChinaTherm30,populus_euphratica,Populus euphratica,center,1,,8.174500000000009,8.174500000000009,-8.174500000000009,0.0
final,k065_pm030,ChinaTherm30,populus_euphratica,Populus euphratica,3x3,1,,8.014500000000005,8.014500000000005,-8.014500000000005,0.0
final,k065_pm030,ChinaTherm30,populus_euphratica,Populus euphratica,5x5,1,,8.464500000000008,8.464500000000008,-8.464500000000008,0.0
final,k065_pm030,ChinaTherm30,populus_euphratica,Populus euphratica,9x9,1,,8.594500000000004,8.594500000000004,-8.594500000000004,0.0
final,k065_pm030,ChinaTherm30,populus_euphratica,Populus euphratica,33x33,1,,6.914500000000004,6.914500000000004,-6.914500000000004,0.0
final,k065_pm030,ChinaTherm30,shenshawo_sandy_desert,Shenshawo Sandy Desert,center,3,-0.2894526625805443,4.000494718122749,3.895381944444445,-0.5160069444444441,3.967076357093864
final,k065_pm030,ChinaTherm30,shenshawo_sandy_desert,Shenshawo Sandy Desert,3x3,3,-0.39806770501181543,4.06334166539414,3.955381944444447,-0.5093402777777788,4.0312923450379134
final,k065_pm030,ChinaTherm30,shenshawo_sandy_desert,Shenshawo Sandy Desert,5x5,3,-0.3772708699508767,4.063505987001213,3.942048611111114,-0.46267361111110955,4.0370798897193145
final,k065_pm030,ChinaTherm30,shenshawo_sandy_desert,Shenshawo Sandy Desert,9x9,3,-0.41526889543078155,4.102464410537651,3.988715277777781,-0.5093402777777764,4.070723120179177
final,k065_pm030,ChinaTherm30,shenshawo_sandy_desert,Shenshawo Sandy Desert,33x33,3,-0.4742486654041551,4.263278073756447,4.15871527777778,-0.6593402777777749,4.211984132481081
final,k065_pm030,ChinaTherm30,sidaoqiao,Sidaoqiao,center,12,0.40135947005210304,9.949442857440687,9.701859871031745,9.701859871031745,2.2057489014711926
final,k065_pm030,ChinaTherm30,sidaoqiao,Sidaoqiao,3x3,12,0.31806484054832573,7.115287791858983,6.728943204365078,6.728943204365078,2.3127134957461823
final,k065_pm030,ChinaTherm30,sidaoqiao,Sidaoqiao,5x5,12,0.3257949693325342,6.234836012919771,5.915766121031744,5.790193204365079,2.3123241044727627
final,k065_pm030,ChinaTherm30,sidaoqiao,Sidaoqiao,9x9,12,0.40175971439392555,5.294069173757844,4.944099454365079,4.803526537698413,2.225601316085196
final,k065_pm030,ChinaTherm30,sidaoqiao,Sidaoqiao,33x33,12,0.5060629701040872,3.498175481627988,3.1857661210317443,2.7951932043650785,2.103360798944036
final,k065_pm030,ChinaTherm30,yakou,Yakou,center,9,0.17107357270262516,3.044296869229666,2.7613898148148155,1.6076861111111111,2.5851670731583254
final,k065_pm030,ChinaTherm30,yakou,Yakou,3x3,9,0.34245601513514606,2.871697066041727,2.556945370370371,1.4876861111111108,2.456304963541734
final,k065_pm030,ChinaTherm30,yakou,Yakou,5x5,9,0.35336924051191154,2.858637078490389,2.56583425925926,1.478797222222222,2.446418754438395
final,k065_pm030,ChinaTherm30,yakou,Yakou,9x9,9,0.38632862849044963,2.8993297185540037,2.6447231481481492,1.5932416666666671,2.4223323076092718
final,k065_pm030,ChinaTherm30,yakou,Yakou,33x33,9,0.34882606853709364,3.0147396887566438,2.7891675925925927,1.7532416666666661,2.4525087256171787
final,k065_pm030,ChinaTherm30,zhangye_wetland,Zhangye wetland,center,11,0.6582264752041971,2.308361959046504,2.0983814935064924,-1.4207905844155833,1.819310047575465
final,k065_pm030,ChinaTherm30,zhangye_wetland,Zhangye wetland,3x3,11,0.705602854066769,2.17623634786418,1.9438360389610378,-1.2553360389610375,1.7776771560243543
final,k065_pm030,ChinaTherm30,zhangye_wetland,Zhangye wetland,5x5,11,0.6844959706644458,2.252813903970114,2.013836038961038,-1.3307905844155832,1.8177367538650633
final,k065_pm030,ChinaTherm30,zhangye_wetland,Zhangye wetland,9x9,11,0.6842613404850165,2.3138901061092993,2.0774724025974014,-1.4071542207792191,1.8368463251164304
final,k065_pm030,ChinaTherm30,zhangye_wetland,Zhangye wetland,33x33,11,0.6265807609528656,2.340168958960836,2.1083814935064926,-1.3435178571428565,1.9160768575456752
