lon_bin,lat_bin,valid_sample_year_n,unique_candidate_n,sampled_year_n,grid_size_deg
108,18,173,10,25,1
109,18,349,34,25,1
110,18,136,11,25,1
108,19,149,7,24,1
109,19,340,22,24,1
110,19,498,34,25,1
111,19,7,1,7,1
109,20,67,4,23,1
110,20,144,11,25,1
99,21,37,5,16,1
100,21,151,27,21,1
101,21,173,29,24,1
106,21,12,1,12,1
107,21,383,37,24,1
108,21,207,20,21,1
109,21,356,28,25,1
110,21,343,36,23,1
111,21,208,20,25,1
112,21,286,25,24,1
113,21,26,3,17,1
114,21,12,2,8,1
120,21,55,5,21,1
99,22,169,28,22,1
100,22,71,14,21,1
101,22,47,10,19,1
102,22,28,5,15,1
103,22,135,10,25,1
104,22,7,1,7,1
106,22,36,6,17,1
107,22,189,17,24,1
108,22,134,9,24,1
109,22,267,16,25,1
110,22,87,8,22,1
111,22,253,21,24,1
112,22,239,17,25,1
113,22,128,13,23,1
114,22,106,8,22,1
115,22,41,3,22,1
116,22,15,1,15,1
120,22,613,33,24,1
121,22,94,5,24,1
97,23,78,5,24,1
98,23,18,6,8,1
99,23,261,32,25,1
100,23,85,13,22,1
101,23,69,10,23,1
102,23,125,15,24,1
103,23,134,14,24,1
104,23,58,22,17,1
105,23,97,12,22,1
106,23,163,17,25,1
107,23,171,16,22,1
108,23,262,17,25,1
109,23,168,10,25,1
110,23,229,16,25,1
111,23,316,17,25,1
112,23,174,14,24,1
113,23,213,15,24,1
114,23,216,14,25,1
115,23,286,22,25,1
116,23,534,31,25,1
117,23,179,8,25,1
119,23,5,1,5,1
120,23,1109,57,25,1
121,23,581,31,25,1
97,24,208,23,24,1
98,24,169,26,23,1
99,24,316,34,25,1
100,24,95,15,20,1
101,24,41,10,18,1
102,24,115,17,24,1
103,24,61,12,21,1
104,24,70,13,21,1
105,24,244,24,24,1
106,24,225,23,24,1
107,24,143,17,24,1
108,24,220,17,24,1
109,24,228,14,23,1
110,24,147,11,25,1
111,24,301,19,25,1
112,24,253,22,24,1
113,24,273,18,25,1
114,24,242,20,24,1
115,24,208,16,24,1
116,24,452,27,25,1
117,24,431,22,25,1
118,24,220,14,23,1
120,24,457,22,25,1
121,24,938,57,25,1
97,25,33,5,16,1
98,25,238,32,23,1
99,25,207,33,23,1
100,25,190,18,24,1
101,25,191,17,25,1
102,25,73,8,23,1
103,25,47,14,15,1
104,25,116,21,21,1
105,25,148,16,24,1
106,25,93,13,22,1
107,25,123,14,22,1
108,25,259,25,24,1
109,25,110,10,21,1
110,25,204,14,23,1
111,25,214,15,25,1
112,25,188,14,25,1
113,25,176,13,24,1
114,25,187,10,25,1
115,25,246,15,24,1
116,25,517,32,25,1
117,25,685,43,25,1
118,25,620,39,25,1
119,25,224,14,25,1
121,25,139,9,23,1
92,26,42,3,19,1
93,26,26,2,18,1
98,26,48,5,18,1
99,26,144,20,24,1
100,26,116,13,22,1
101,26,178,13,25,1
102,26,129,12,24,1
103,26,118,10,25,1
104,26,126,17,22,1
105,26,83,13,23,1
106,26,49,9,20,1
107,26,142,18,24,1
108,26,171,16,24,1
109,26,174,12,24,1
110,26,210,18,25,1
111,26,197,12,25,1
112,26,274,14,25,1
113,26,327,22,25,1
114,26,151,13,25,1
115,26,333,18,25,1
116,26,298,14,25,1
117,26,204,14,25,1
118,26,279,14,25,1
119,26,273,14,25,1
120,26,133,6,25,1
85,27,20,1,20,1
86,27,8,1,8,1
87,27,16,4,6,1
88,27,37,5,19,1
89,27,88,7,23,1
91,27,200,26,24,1
92,27,82,16,20,1
93,27,289,28,24,1
94,27,89,13,23,1
95,27,37,3,19,1
96,27,49,3,24,1
97,27,17,3,12,1
98,27,81,10,23,1
99,27,104,18,20,1
100,27,227,19,25,1
101,27,130,15,24,1
102,27,170,19,24,1
103,27,196,16,25,1
104,27,242,13,24,1
105,27,304,19,24,1
106,27,148,15,23,1
107,27,114,15,24,1
108,27,111,14,23,1
109,27,297,19,25,1
110,27,209,12,25,1
111,27,230,14,24,1
112,27,283,14,25,1
113,27,264,13,25,1
114,27,343,17,25,1
115,27,313,14,25,1
116,27,335,15,25,1
117,27,205,14,25,1
118,27,193,12,25,1
119,27,318,22,24,1
120,27,691,38,25,1
121,27,18,2,13,1
84,28,41,3,23,1
85,28,288,20,25,1
86,28,489,25,25,1
87,28,554,31,25,1
88,28,547,28,25,1
89,28,504,28,25,1
90,28,337,22,25,1
91,28,345,27,25,1
92,28,198,17,25,1
93,28,247,26,24,1
94,28,226,23,25,1
95,28,233,22,25,1
96,28,191,15,24,1
97,28,113,11,25,1
98,28,146,15,25,1
99,28,90,19,22,1
100,28,205,18,24,1
101,28,209,21,25,1
102,28,110,16,21,1
103,28,163,9,25,1
104,28,281,20,25,1
105,28,221,11,24,1
106,28,160,11,24,1
107,28,190,17,24,1
108,28,196,17,24,1
109,28,262,18,24,1
110,28,161,12,24,1
111,28,319,16,25,1
112,28,453,22,25,1
113,28,387,20,24,1
114,28,274,13,25,1
115,28,477,20,25,1
116,28,332,15,25,1
117,28,369,18,25,1
118,28,346,16,25,1
119,28,236,14,25,1
120,28,957,50,25,1
121,28,401,26,25,1
82,29,40,3,18,1
83,29,1033,56,25,1
84,29,444,23,25,1
85,29,569,31,25,1
86,29,673,37,25,1
87,29,553,30,23,1
88,29,289,17,25,1
89,29,299,17,25,1
90,29,286,23,25,1
91,29,487,33,25,1
92,29,115,22,23,1
93,29,53,5,24,1
94,29,42,12,16,1
95,29,199,24,25,1
96,29,45,9,16,1
97,29,203,17,25,1
98,29,281,17,25,1
99,29,157,16,24,1
100,29,143,12,25,1
101,29,60,4,25,1
102,29,120,14,24,1
103,29,314,18,25,1
104,29,249,16,24,1
105,29,176,10,24,1
106,29,313,14,24,1
107,29,297,19,25,1
108,29,298,20,25,1
109,29,206,16,24,1
110,29,203,18,23,1
111,29,258,13,25,1
112,29,162,8,25,1
113,29,349,16,25,1
114,29,309,15,25,1
115,29,195,9,25,1
116,29,264,12,25,1
117,29,453,19,25,1
118,29,267,13,25,1
119,29,315,15,25,1
120,29,1134,56,25,1
121,29,778,54,25,1
122,29,110,7,24,1
79,30,18,2,14,1
80,30,134,7,25,1
81,30,201,13,23,1
82,30,232,12,25,1
83,30,274,16,24,1
84,30,296,15,25,1
85,30,266,13,25,1
86,30,161,8,25,1
87,30,317,17,25,1
88,30,469,25,25,1
89,30,177,12,25,1
90,30,90,8,24,1
91,30,181,20,24,1
92,30,54,11,17,1
93,30,52,9,17,1
94,30,101,13,25,1
95,30,46,12,17,1
96,30,139,14,24,1
97,30,215,14,25,1
98,30,195,15,25,1
99,30,277,15,25,1
100,30,130,9,25,1
101,30,192,14,25,1
102,30,223,17,24,1
103,30,365,24,24,1
104,30,127,12,22,1
105,30,317,19,24,1
106,30,265,14,24,1
107,30,202,12,24,1
108,30,190,10,24,1
109,30,209,15,24,1
110,30,229,15,25,1
111,30,499,23,25,1
112,30,365,17,25,1
113,30,208,10,25,1
114,30,305,14,25,1
115,30,287,13,25,1
116,30,211,10,25,1
117,30,387,17,25,1
118,30,252,12,25,1
119,30,273,14,25,1
120,30,532,32,24,1
121,30,411,26,25,1
122,30,146,9,25,1
78,31,144,11,21,1
79,31,1046,56,25,1
80,31,233,13,25,1
81,31,235,15,23,1
82,31,259,13,25,1
83,31,125,7,24,1
84,31,236,12,25,1
85,31,311,16,25,1
86,31,267,13,25,1
87,31,384,18,25,1
88,31,269,12,25,1
89,31,137,8,24,1
90,31,262,13,24,1
91,31,275,15,25,1
92,31,164,10,24,1
93,31,165,15,25,1
94,31,75,9,25,1
95,31,106,11,23,1
96,31,115,12,21,1
97,31,112,8,25,1
98,31,134,13,24,1
99,31,290,20,25,1
100,31,143,8,25,1
101,31,225,16,25,1
102,31,301,18,25,1
103,31,249,18,24,1
104,31,168,16,24,1
105,31,161,10,24,1
106,31,223,17,24,1
107,31,170,8,24,1
108,31,241,12,25,1
109,31,251,16,24,1
110,31,303,15,25,1
111,31,324,15,25,1
112,31,195,10,23,1
113,31,268,12,25,1
114,31,298,15,25,1
115,31,386,18,25,1
116,31,468,20,25,1
117,31,341,15,25,1
118,31,341,16,25,1
119,31,361,18,25,1
120,31,776,52,25,1
121,31,458,28,25,1
78,32,201,13,23,1
79,32,993,50,25,1
80,32,273,13,25,1
81,32,360,18,25,1
82,32,252,12,25,1
83,32,464,24,25,1
84,32,349,18,25,1
85,32,283,14,25,1
86,32,413,19,25,1
87,32,330,15,25,1
88,32,349,16,25,1
89,32,219,10,25,1
90,32,367,17,25,1
91,32,213,11,25,1
92,32,178,13,24,1
93,32,290,16,25,1
94,32,100,10,20,1
95,32,253,16,25,1
96,32,147,10,24,1
97,32,40,4,18,1
98,32,245,16,24,1
99,32,194,11,24,1
100,32,213,13,24,1
101,32,110,5,25,1
102,32,272,14,25,1
103,32,168,12,23,1
104,32,282,17,24,1
105,32,260,18,23,1
106,32,227,22,24,1
107,32,166,11,24,1
108,32,147,10,25,1
109,32,275,15,25,1
110,32,223,11,25,1
111,32,395,20,25,1
112,32,361,17,25,1
113,32,381,18,25,1
114,32,274,12,25,1
115,32,357,16,25,1
116,32,454,21,25,1
117,32,231,11,25,1
118,32,438,19,25,1
119,32,199,10,25,1
120,32,637,43,24,1
121,32,207,10,25,1
78,33,102,6,23,1
79,33,1206,66,25,1
80,33,337,18,24,1
81,33,200,11,24,1
82,33,289,15,25,1
83,33,237,14,24,1
84,33,337,17,25,1
85,33,227,13,24,1
86,33,322,14,25,1
87,33,190,9,25,1
88,33,382,21,25,1
89,33,251,12,25,1
90,33,278,14,25,1
91,33,244,14,24,1
92,33,209,11,25,1
93,33,196,9,25,1
94,33,132,10,24,1
95,33,25,2,18,1
96,33,110,9,25,1
97,33,388,23,25,1
98,33,298,18,25,1
99,33,220,12,25,1
100,33,186,11,25,1
101,33,208,10,25,1
102,33,165,8,25,1
103,33,366,20,25,1
104,33,415,25,25,1
105,33,224,16,22,1
106,33,123,8,24,1
107,33,489,26,25,1
108,33,405,23,25,1
109,33,393,18,25,1
110,33,277,13,25,1
111,33,453,23,25,1
112,33,747,33,25,1
113,33,345,15,25,1
114,33,342,15,25,1
115,33,315,14,25,1
116,33,341,16,25,1
117,33,337,15,25,1
118,33,251,11,25,1
119,33,281,13,25,1
120,33,646,35,25,1
78,34,115,9,22,1
79,34,297,18,24,1
80,34,205,13,24,1
81,34,230,13,25,1
82,34,163,13,20,1
83,34,241,12,24,1
84,34,216,13,25,1
85,34,146,9,23,1
86,34,350,18,25,1
87,34,285,13,25,1
88,34,225,11,25,1
89,34,290,14,25,1
90,34,177,11,25,1
91,34,355,16,25,1
92,34,373,17,25,1
93,34,152,9,25,1
94,34,216,14,25,1
95,34,175,10,25,1
96,34,204,15,23,1
97,34,301,17,24,1
98,34,245,12,25,1
99,34,157,13,24,1
100,34,296,15,25,1
101,34,276,13,25,1
102,34,225,11,25,1
103,34,263,14,25,1
104,34,760,39,24,1
105,34,376,24,25,1
106,34,408,21,24,1
107,34,428,20,25,1
108,34,279,12,25,1
109,34,457,21,25,1
110,34,596,27,25,1
111,34,412,19,25,1
112,34,413,18,25,1
113,34,327,14,25,1
114,34,331,15,25,1
115,34,377,17,25,1
116,34,404,19,25,1
117,34,303,14,25,1
118,34,162,8,25,1
119,34,230,12,25,1
120,34,313,15,25,1
77,35,63,6,21,1
78,35,244,17,24,1
79,35,123,9,24,1
80,35,63,4,23,1
81,35,186,12,24,1
82,35,156,12,23,1
83,35,288,15,25,1
84,35,157,9,25,1
85,35,380,19,25,1
86,35,206,10,25,1
87,35,241,12,25,1
88,35,366,18,25,1
89,35,234,11,25,1
90,35,288,15,25,1
91,35,274,14,25,1
92,35,336,18,25,1
93,35,186,12,24,1
94,35,286,14,24,1
95,35,245,13,25,1
96,35,262,14,25,1
97,35,266,12,25,1
98,35,266,12,25,1
99,35,274,14,24,1
100,35,394,16,25,1
101,35,365,16,25,1
102,35,273,12,25,1
103,35,616,26,25,1
104,35,184,8,25,1
105,35,300,13,25,1
106,35,251,11,25,1
107,35,280,13,25,1
108,35,311,13,25,1
109,35,270,11,25,1
110,35,364,15,25,1
111,35,215,9,25,1
112,35,304,13,25,1
113,35,401,17,25,1
114,35,283,12,25,1
115,35,284,14,25,1
116,35,304,13,25,1
117,35,375,17,25,1
118,35,389,18,25,1
119,35,206,10,25,1
120,35,46,4,23,1
75,36,155,12,25,1
76,36,45,6,16,1
77,36,212,17,24,1
78,36,200,12,24,1
79,36,412,19,25,1
80,36,354,16,25,1
81,36,546,26,25,1
82,36,308,15,25,1
83,36,372,20,25,1
84,36,241,13,24,1
85,36,260,12,25,1
86,36,291,14,25,1
87,36,226,12,25,1
88,36,277,12,25,1
89,36,299,15,25,1
90,36,187,11,24,1
91,36,243,13,25,1
92,36,144,7,24,1
93,36,421,21,25,1
94,36,265,11,25,1
95,36,427,18,25,1
96,36,413,17,25,1
97,36,350,14,25,1
98,36,416,18,25,1
99,36,249,13,25,1
100,36,299,13,25,1
101,36,353,16,25,1
102,36,418,18,25,1
103,36,392,16,25,1
104,36,355,15,25,1
105,36,285,12,25,1
106,36,409,17,25,1
107,36,274,12,25,1
108,36,293,12,25,1
109,36,197,8,25,1
110,36,395,16,25,1
111,36,341,14,25,1
112,36,405,18,25,1
113,36,446,18,25,1
114,36,373,15,25,1
115,36,356,15,25,1
116,36,509,22,25,1
117,36,517,23,25,1
118,36,549,24,25,1
119,36,300,13,25,1
120,36,1644,80,25,1
121,36,354,17,25,1
122,36,69,5,24,1
74,37,135,9,23,1
75,37,1321,80,25,1
76,37,561,28,25,1
77,37,574,26,25,1
78,37,533,23,25,1
79,37,436,19,25,1
80,37,333,15,24,1
81,37,298,13,24,1
82,37,367,16,25,1
83,37,414,18,25,1
84,37,706,30,25,1
85,37,432,18,25,1
86,37,621,27,25,1
87,37,340,16,25,1
88,37,332,15,25,1
89,37,243,11,25,1
90,37,377,17,25,1
91,37,517,23,25,1
92,37,388,16,25,1
93,37,393,16,25,1
94,37,390,16,25,1
95,37,301,13,25,1
96,37,423,17,25,1
97,37,371,16,25,1
98,37,345,15,25,1
99,37,272,13,25,1
100,37,327,14,25,1
101,37,480,23,25,1
102,37,489,21,25,1
103,37,483,20,25,1
104,37,314,13,25,1
105,37,541,22,25,1
106,37,490,20,25,1
107,37,595,24,25,1
108,37,614,25,25,1
109,37,420,17,25,1
110,37,377,16,25,1
111,37,306,13,25,1
112,37,313,13,25,1
113,37,519,21,25,1
114,37,423,17,25,1
115,37,219,9,25,1
116,37,237,10,25,1
117,37,375,16,25,1
118,37,305,14,25,1
119,37,74,3,25,1
120,37,1156,57,25,1
121,37,1162,52,25,1
122,37,423,23,25,1
73,38,106,6,24,1
74,38,351,21,24,1
75,38,479,29,25,1
76,38,675,29,25,1
77,38,294,14,25,1
78,38,327,14,25,1
79,38,442,19,25,1
80,38,285,13,24,1
81,38,312,13,25,1
82,38,193,8,25,1
83,38,440,19,25,1
84,38,360,15,25,1
85,38,405,18,25,1
86,38,496,20,25,1
87,38,722,30,25,1
88,38,390,17,25,1
89,38,485,20,25,1
90,38,435,18,25,1
91,38,472,20,25,1
92,38,467,19,25,1
93,38,249,10,25,1
94,38,395,16,25,1
95,38,307,14,25,1
96,38,293,13,25,1
97,38,141,8,25,1
98,38,332,15,25,1
99,38,323,16,25,1
100,38,795,35,25,1
101,38,510,21,25,1
102,38,325,13,25,1
103,38,400,16,25,1
104,38,250,10,25,1
105,38,663,27,25,1
106,38,369,15,25,1
107,38,523,21,25,1
108,38,224,9,25,1
109,38,318,13,25,1
110,38,367,15,25,1
111,38,555,23,25,1
112,38,395,16,25,1
113,38,480,20,25,1
114,38,422,17,25,1
115,38,317,13,25,1
116,38,369,15,25,1
117,38,407,18,25,1
118,38,9,1,9,1
121,38,25,1,25,1
73,39,263,13,25,1
74,39,866,43,25,1
75,39,1436,61,25,1
76,39,461,19,25,1
77,39,492,23,25,1
78,39,303,13,25,1
79,39,382,17,25,1
80,39,391,17,25,1
81,39,259,11,25,1
82,39,381,17,25,1
83,39,339,14,25,1
84,39,287,12,25,1
85,39,191,8,25,1
86,39,424,17,25,1
87,39,275,11,25,1
88,39,274,11,25,1
89,39,420,17,25,1
90,39,437,18,25,1
91,39,421,17,25,1
92,39,466,19,25,1
93,39,470,19,25,1
94,39,646,26,25,1
95,39,448,18,25,1
96,39,475,20,25,1
97,39,417,17,25,1
98,39,488,21,25,1
99,39,425,17,25,1
100,39,275,11,25,1
101,39,374,15,25,1
102,39,300,12,25,1
103,39,425,17,25,1
104,39,475,19,25,1
105,39,323,13,25,1
106,39,396,16,25,1
107,39,371,15,25,1
108,39,345,14,25,1
109,39,539,22,25,1
110,39,123,5,25,1
111,39,634,26,25,1
112,39,472,19,25,1
113,39,395,16,25,1
114,39,468,19,25,1
115,39,418,17,25,1
116,39,267,11,25,1
117,39,387,16,25,1
118,39,274,11,25,1
119,39,184,8,25,1
121,39,380,16,25,1
122,39,502,22,25,1
123,39,189,8,25,1
124,39,158,7,25,1
73,40,2,1,2,1
74,40,211,13,24,1
75,40,524,25,25,1
76,40,189,12,25,1
77,40,334,16,25,1
78,40,383,19,25,1
79,40,428,19,24,1
80,40,391,17,25,1
81,40,296,13,25,1
82,40,242,11,25,1
83,40,400,17,25,1
84,40,298,13,25,1
85,40,370,15,25,1
86,40,297,12,25,1
87,40,225,9,25,1
88,40,249,10,25,1
89,40,450,18,25,1
90,40,450,18,25,1
91,40,424,17,25,1
92,40,250,10,25,1
93,40,545,22,25,1
94,40,275,11,25,1
95,40,375,15,25,1
96,40,275,11,25,1
97,40,400,16,25,1
98,40,450,18,25,1
99,40,275,11,25,1
100,40,300,12,25,1
101,40,250,10,25,1
102,40,350,14,25,1
103,40,425,17,25,1
104,40,350,14,25,1
105,40,299,12,25,1
106,40,400,16,25,1
107,40,345,14,25,1
108,40,525,21,25,1
109,40,449,18,25,1
110,40,348,14,25,1
111,40,349,14,25,1
112,40,397,16,25,1
113,40,272,11,25,1
114,40,475,19,25,1
115,40,515,21,25,1
116,40,324,13,25,1
117,40,524,21,25,1
118,40,363,15,25,1
119,40,592,24,25,1
120,40,569,23,25,1
121,40,73,3,25,1
122,40,679,29,25,1
123,40,886,37,25,1
124,40,1153,50,25,1
125,40,340,14,25,1
126,40,23,1,23,1
77,41,27,3,13,1
78,41,147,7,25,1
79,41,283,12,25,1
80,41,270,13,25,1
81,41,352,17,24,1
82,41,371,16,25,1
83,41,360,16,25,1
84,41,186,8,25,1
85,41,535,22,25,1
86,41,414,17,25,1
87,41,563,23,25,1
88,41,425,17,25,1
89,41,475,19,25,1
90,41,275,11,25,1
91,41,275,11,25,1
92,41,425,17,25,1
93,41,250,10,25,1
94,41,400,16,25,1
95,41,400,16,25,1
96,41,299,12,25,1
97,41,425,17,25,1
98,41,400,16,25,1
99,41,350,14,25,1
100,41,450,18,25,1
101,41,225,9,25,1
102,41,425,17,25,1
103,41,225,9,25,1
104,41,200,8,25,1
105,41,375,15,25,1
106,41,449,18,25,1
107,41,399,16,25,1
108,41,400,16,25,1
109,41,350,14,25,1
110,41,399,16,25,1
111,41,418,17,25,1
112,41,274,11,25,1
113,41,346,14,25,1
114,41,399,16,25,1
115,41,317,13,25,1
116,41,862,35,25,1
117,41,548,22,25,1
118,41,491,20,25,1
119,41,425,17,25,1
120,41,795,32,25,1
121,41,689,28,25,1
122,41,736,30,25,1
123,41,452,19,25,1
124,41,1112,46,25,1
125,41,1481,61,25,1
126,41,711,32,25,1
127,41,801,35,25,1
128,41,394,18,25,1
80,42,217,12,24,1
81,42,231,13,25,1
82,42,83,7,20,1
83,42,326,20,25,1
84,42,302,16,25,1
85,42,347,16,25,1
86,42,288,12,25,1
87,42,425,17,25,1
88,42,500,20,25,1
89,42,500,20,25,1
90,42,500,20,25,1
91,42,400,16,25,1
92,42,700,28,25,1
93,42,525,21,25,1
94,42,612,26,25,1
95,42,625,25,25,1
96,42,1700,68,25,1
97,42,1500,60,25,1
98,42,1474,59,25,1
99,42,1150,46,25,1
100,42,1475,59,25,1
101,42,1200,48,25,1
102,42,425,17,25,1
103,42,25,1,25,1
105,42,25,1,25,1
106,42,550,22,25,1
107,42,950,38,25,1
108,42,725,29,25,1
109,42,675,27,25,1
110,42,1448,58,25,1
111,42,1490,60,25,1
112,42,498,20,25,1
113,42,574,23,25,1
114,42,446,18,25,1
115,42,475,19,25,1
116,42,400,16,25,1
117,42,652,27,25,1
118,42,669,27,25,1
119,42,549,22,25,1
120,42,749,30,25,1
121,42,424,17,25,1
122,42,400,16,25,1
123,42,397,16,25,1
124,42,349,14,25,1
125,42,467,19,25,1
126,42,281,12,25,1
127,42,681,29,25,1
128,42,507,22,25,1
129,42,290,12,25,1
130,42,122,5,25,1
80,43,118,6,24,1
81,43,377,16,25,1
82,43,437,19,25,1
83,43,377,20,25,1
84,43,184,9,25,1
85,43,261,13,25,1
86,43,259,14,25,1
87,43,591,24,25,1
88,43,410,17,25,1
89,43,378,20,25,1
90,43,456,20,25,1
91,43,323,13,25,1
92,43,344,14,25,1
93,43,677,29,25,1
94,43,617,27,25,1
95,43,400,16,25,1
96,43,50,2,25,1
110,43,125,5,25,1
111,43,824,33,25,1
112,43,450,18,25,1
113,43,424,17,25,1
114,43,347,14,25,1
115,43,623,25,25,1
116,43,395,16,25,1
117,43,171,7,25,1
118,43,350,14,25,1
119,43,474,19,25,1
120,43,275,11,25,1
121,43,224,9,25,1
122,43,318,13,25,1
123,43,375,15,25,1
124,43,400,16,25,1
125,43,173,7,25,1
126,43,288,12,25,1
127,43,236,10,24,1
128,43,447,19,25,1
129,43,419,17,25,1
130,43,446,19,25,1
131,43,99,4,25,1
79,44,4,1,4,1
80,44,397,19,24,1
81,44,330,14,25,1
82,44,415,18,25,1
83,44,489,23,25,1
84,44,284,12,25,1
85,44,327,14,25,1
86,44,297,12,25,1
87,44,450,18,25,1
88,44,470,19,25,1
89,44,325,13,25,1
90,44,448,18,25,1
91,44,273,11,25,1
92,44,800,32,25,1
93,44,397,16,25,1
94,44,350,14,25,1
95,44,125,5,25,1
111,44,775,31,25,1
112,44,474,19,25,1
113,44,470,19,25,1
114,44,375,15,25,1
115,44,575,23,25,1
116,44,294,12,25,1
117,44,424,17,25,1
118,44,469,19,25,1
119,44,318,13,25,1
120,44,322,13,25,1
121,44,420,17,25,1
122,44,295,12,25,1
123,44,300,12,25,1
124,44,500,20,25,1
125,44,300,12,25,1
126,44,467,19,25,1
127,44,283,12,25,1
128,44,565,24,25,1
129,44,565,23,25,1
130,44,523,23,25,1
131,44,50,2,25,1
80,45,25,2,24,1
81,45,52,4,24,1
82,45,218,10,24,1
83,45,522,22,25,1
84,45,451,20,25,1
85,45,409,17,25,1
86,45,248,10,25,1
87,45,425,17,25,1
88,45,475,19,25,1
89,45,250,10,25,1
90,45,424,17,25,1
91,45,50,2,25,1
92,45,23,1,23,1
93,45,25,1,25,1
112,45,50,2,25,1
114,45,196,8,25,1
115,45,125,5,25,1
116,45,220,9,25,1
117,45,346,14,25,1
118,45,413,17,25,1
119,45,270,11,25,1
120,45,421,17,25,1
121,45,445,18,25,1
122,45,369,15,25,1
123,45,271,11,25,1
124,45,369,16,25,1
125,45,275,11,25,1
126,45,357,15,25,1
127,45,432,19,25,1
128,45,415,17,25,1
129,45,294,13,25,1
130,45,491,21,25,1
131,45,422,17,25,1
132,45,1126,48,25,1
133,45,839,34,25,1
82,46,742,31,25,1
83,46,2244,95,25,1
84,46,651,30,25,1
85,46,615,26,25,1
86,46,754,32,25,1
87,46,648,26,25,1
88,46,975,39,25,1
89,46,925,37,25,1
90,46,951,39,25,1
91,46,25,1,25,1
116,46,75,3,25,1
117,46,439,18,25,1
118,46,375,15,25,1
119,46,425,17,25,1
120,46,487,20,25,1
121,46,443,18,25,1
122,46,298,12,25,1
123,46,390,16,25,1
124,46,347,14,25,1
125,46,363,15,25,1
126,46,346,14,25,1
127,46,387,16,25,1
128,46,521,22,25,1
129,46,470,20,25,1
130,46,443,18,25,1
131,46,548,23,25,1
132,46,1089,45,25,1
133,46,1419,57,25,1
82,47,23,1,23,1
83,47,162,8,24,1
84,47,24,1,24,1
85,47,336,15,25,1
86,47,621,27,25,1
87,47,657,27,25,1
88,47,1144,47,25,1
89,47,801,40,25,1
90,47,306,20,25,1
115,47,299,12,25,1
116,47,50,2,25,1
117,47,125,5,25,1
118,47,75,3,25,1
119,47,573,23,25,1
120,47,426,18,25,1
121,47,199,8,25,1
122,47,546,22,25,1
123,47,249,10,25,1
124,47,297,12,25,1
125,47,474,19,25,1
126,47,415,17,25,1
127,47,294,12,25,1
128,47,372,16,25,1
129,47,606,25,25,1
130,47,528,22,25,1
131,47,266,11,25,1
132,47,1168,47,25,1
133,47,1193,48,25,1
134,47,556,23,25,1
85,48,273,11,25,1
86,48,489,21,25,1
87,48,517,28,25,1
88,48,305,16,25,1
89,48,18,1,18,1
115,48,499,20,25,1
116,48,474,19,25,1
117,48,424,17,25,1
118,48,455,19,25,1
119,48,652,27,25,1
120,48,465,19,25,1
121,48,364,15,25,1
122,48,272,11,25,1
123,48,350,14,25,1
124,48,341,14,25,1
125,48,353,15,25,1
126,48,348,14,25,1
127,48,312,13,25,1
128,48,427,18,25,1
129,48,682,28,25,1
130,48,415,17,25,1
133,48,324,13,25,1
134,48,398,17,25,1
135,48,21,1,21,1
86,49,6,1,6,1
87,49,10,1,10,1
116,49,247,10,25,1
117,49,371,15,25,1
118,49,285,12,25,1
119,49,682,28,25,1
120,49,324,13,25,1
121,49,312,13,25,1
122,49,322,13,25,1
123,49,261,11,25,1
124,49,473,19,25,1
125,49,347,14,25,1
126,49,534,22,25,1
127,49,220,9,25,1
128,49,223,10,25,1
129,49,146,6,25,1
119,50,1637,66,25,1
120,50,347,14,25,1
121,50,411,17,25,1
122,50,396,16,25,1
123,50,486,20,25,1
124,50,800,32,25,1
125,50,722,30,25,1
126,50,831,34,25,1
127,50,250,10,25,1
119,51,248,10,25,1
120,51,321,13,25,1
121,51,517,21,25,1
122,51,402,17,25,1
123,51,475,20,25,1
124,51,526,22,25,1
125,51,591,24,25,1
126,51,375,15,25,1
120,52,349,14,25,1
121,52,344,14,25,1
122,52,388,16,25,1
123,52,363,15,25,1
124,52,715,29,25,1
125,52,671,27,25,1
126,52,175,7,25,1
120,53,50,2,25,1
121,53,272,11,25,1
122,53,249,10,25,1
123,53,346,14,25,1
124,53,99,4,25,1
125,53,75,3,25,1
